﻿Code,Indicator Name,Long definition,Source
GC.DOD.TOTL.GD.ZS,"Central government debt, total (% of GDP)","Debt is the entire stock of direct government fixed-term contractual obligations to others outstanding on a particular date. It includes domestic and foreign liabilities such as currency and money deposits, securities other than shares, and loans. It is the gross amount of government liabilities reduced by the amount of equity and financial derivatives held by the government. Because debt is a stock rather than a flow, it is measured as of a given date, usually the last day of the fiscal year.","International Monetary Fund, Government Finance Statistics Yearbook and data files, and World Bank and OECD GDP estimates."
DT.DOD.DECT.GN.ZS,External debt stocks (% of GNI),"Total external debt stocks to gross national income. Total external debt is debt owed to nonresidents repayable in currency, goods, or services. Total external debt is the sum of public, publicly guaranteed, and private nonguaranteed long-term debt, use of IMF credit, and short-term debt. Short-term debt includes all debt having an original maturity of one year or less and interest in arrears on long-term debt. GNI (formerly GNP) is the sum of value added by all resident producers plus any product taxes (less subsidies) not included in the valuation of output plus net receipts of primary income (compensation of employees and property income) from abroad.","World Bank, International Debt Statistics."
NY.GNP.MKTP.KD.ZG,GNI growth (annual %),GNI (formerly GNP) is the sum of value added by all resident producers plus any product taxes (less subsidies) not included in the valuation of output plus net receipts of primary income (compensation of employees and property income) from abroad.,"World Bank national accounts data, and OECD National Accounts data files."
NY.GNP.PCAP.KD.ZG,GNI per capita growth (annual %),Annual percentage growth rate of GNI per capita based on constant local currency. Aggregates are based on constant 2010 U.S. dollars. GNI per capita is gross national income divided by midyear population. GNI (formerly GNP) is the sum of value added by all resident producers plus any product taxes (less subsidies) not included in the valuation of output plus net receipts of primary income (compensation of employees and property income) from abroad.,"World Bank national accounts data, and OECD National Accounts data files."
NY.GNP.MKTP.KD,GNI (constant 2010 US$),GNI (formerly GNP) is the sum of value added by all resident producers plus any product taxes (less subsidies) not included in the valuation of output plus net receipts of primary income (compensation of employees and property income) from abroad. Data are in constant 2010 U.S. dollars.,"World Bank national accounts data, and OECD National Accounts data files."
NY.GNP.PCAP.KD,GNI per capita (constant 2010 US$),GNI per capita is gross national income divided by midyear population. GNI (formerly GNP) is the sum of value added by all resident producers plus any product taxes (less subsidies) not included in the valuation of output plus net receipts of primary income (compensation of employees and property income) from abroad. Data are in constant 2010 U.S. dollars.,"World Bank national accounts data, and OECD National Accounts data files."
NY.GNS.ICTR.GN.ZS,Gross savings (% of GNI),"Gross savings are calculated as gross national income less total consumption, plus net transfers.","World Bank national accounts data, and OECD National Accounts data files."
DT.DOD.PVLX.GN.ZS,Present value of external debt (% of GNI),"Present value of debt is the sum of short-term external debt plus the discounted sum of total debt service payments due on public, publicly guaranteed, and private nonguaranteed long-term external debt over the life of existing loans. The GNI denominator is a three-year average.","World Bank, Global Development Finance."
DT.TDS.DPPG.GN.ZS,Public and publicly guaranteed debt service (% of GNI),"Public and publicly guaranteed debt service is the sum of principal repayments and interest actually paid in currency, goods, or services on long-term obligations of public debtors and long-term private obligations guaranteed by a public entity.","World Bank, International Debt Statistics."
DT.TDS.DECT.GN.ZS,Total debt service (% of GNI),"Total debt service is the sum of principal repayments and interest actually paid in currency, goods, or services on long-term debt, interest paid on short-term debt, and repayments (repurchases and charges) to the IMF.","World Bank, International Debt Statistics."
DT.INT.DECT.GN.ZS,Interest payments on external debt (% of GNI),Total interest payments to gross national income.,"World Bank, International Debt Statistics."
FP.CPI.TOTL,Consumer price index (2010 = 100),"Consumer price index reflects changes in the cost to the average consumer of acquiring a basket of goods and services that may be fixed or changed at specified intervals, such as yearly. The Laspeyres formula is generally used. Data are period averages.","International Monetary Fund, International Financial Statistics and data files."
FP.CPI.TOTL.ZG,"Inflation, consumer prices (annual %)","Inflation as measured by the consumer price index reflects the annual percentage change in the cost to the average consumer of acquiring a basket of goods and services that may be fixed or changed at specified intervals, such as yearly. The Laspeyres formula is generally used.","International Monetary Fund, International Financial Statistics and data files."
DT.DOD.DSTC.ZS,Short-term debt (% of total external debt),"Short-term debt includes all debt having an original maturity of one year or less and interest in arrears on long-term debt. Total external debt is debt owed to nonresidents repayable in currency, goods, or services. Total external debt is the sum of public, publicly guaranteed, and private nonguaranteed long-term debt, use of IMF credit, and short-term debt. ","World Bank, International Debt Statistics."
FI.RES.TOTL.DT.ZS,Total reserves (% of total external debt),International reserves to total external debt stocks.,"World Bank, International Debt Statistics."
DT.DOD.PVLX.EX.ZS,"Present value of external debt (% of exports of goods, services and income)","Present value of debt is the sum of short-term external debt plus the discounted sum of total debt service payments due on public, publicly guaranteed, and private nonguaranteed long-term external debt over the life of existing loans. The exports denominator is a three-year average.","World Bank, Global Development Finance."
DT.INT.DECT.EX.ZS,"Interest payments on external debt (% of exports of goods, services and primary income)","Total interest payments to exports of goods, services and primary income. Total interest payment is the sum of interest actually paid in currency, goods, or services on long-term debt, interest paid on short-term debt, and charges to the IMF.","World Bank, International Debt Statistics."
DT.DOD.DECT.EX.ZS,"External debt stocks (% of exports of goods, services and primary income)","Total external debt stocks to exports of goods, services and primary income.","World Bank, International Debt Statistics."
NE.RSB.GNFS.ZS,External balance on goods and services (% of GDP),External balance on goods and services (formerly resource balance) equals exports of goods and services minus imports of goods and services (previously nonfactor services).,"World Bank national accounts data, and OECD National Accounts data files."
DT.TDS.DPPG.XP.ZS,"Public and publicly guaranteed debt service (% of exports of goods, services and primary income)","Public and publicly guaranteed debt service is the sum of principal repayments and interest actually paid in currency, goods, or services on long-term obligations of public debtors and long-term private obligations guaranteed by a public entity. Exports refer to exports of goods, services, and income.",World Bank.
DT.TDS.DECT.EX.ZS,"Total debt service (% of exports of goods, services and primary income)","Total debt service to exports of goods, services and primary income. Total debt service is the sum of principal repayments and interest actually paid in currency, goods, or services on long-term debt, interest paid on short-term debt, and repayments (repurchases and charges) to the IMF.","World Bank, International Debt Statistics."
DT.DOD.DSTC.IR.ZS,Short-term debt (% of total reserves),Short-term debt includes all debt having an original maturity of one year or less and interest in arrears on long-term debt. Total reserves includes gold.,"World Bank, International Debt Statistics."
GC.XPN.INTP.ZS,Interest payments (% of expense),"Interest payments include interest payments on government debt--including long-term bonds, long-term loans, and other debt instruments--to domestic and foreign residents.","International Monetary Fund, Government Finance Statistics Yearbook and data files."
GC.XPN.INTP.RV.ZS,Interest payments (% of revenue),"Interest payments include interest payments on government debt--including long-term bonds, long-term loans, and other debt instruments--to domestic and foreign residents.","International Monetary Fund, Government Finance Statistics Yearbook and data files."
PX.REX.REER,Real effective exchange rate index (2010 = 100),Real effective exchange rate is the nominal effective exchange rate (a measure of the value of a currency against a weighted average of several foreign currencies) divided by a price deflator or index of costs.,"International Monetary Fund, International Financial Statistics."
FM.LBL.BMNY.IR.ZS,Broad money to total reserves ratio,"Broad money (IFS line 35L..ZK) is the sum of currency outside banks; demand deposits other than those of the central government; the time, savings, and foreign currency deposits of resident sectors other than the central government; bank and traveler’s checks; and other securities such as certificates of deposit and commercial paper.","International Monetary Fund, International Financial Statistics and data files."
BN.CAB.XOKA.CD,"Current account balance (BoP, current US$)","Current account balance is the sum of net exports of goods and services, net primary income, and net secondary income. Data are in current U.S. dollars.","International Monetary Fund, Balance of Payments Statistics Yearbook and data files."
BN.TRF.KOGT.CD,"Net capital account (BoP, current US$)","Net capital account records acquisitions and disposals of nonproduced nonfinancial assets, such as land sold to embassies and sales of leases and licenses, as well as capital transfers, including government debt forgiveness. The use of the term capital account in this context is designed to be consistent with the System of National Accounts, which distinguishes between capital transactions and financial transactions. Data are in current U.S. dollars.","International Monetary Fund, Balance of Payments Statistics Yearbook and data files."
BN.GSR.GNFS.CD,"Net trade in goods and services (BoP, current US$)",Net trade in goods and services is derived by offsetting imports of goods and services against exports of goods and services. Exports and imports of goods and services comprise all transactions involving a change of ownership of goods and services between residents of one country and the rest of the world. Data are in current U.S. dollars.,"International Monetary Fund, Balance of Payments Statistics Yearbook and data files."
FM.AST.NFRG.CN,Net foreign assets (current LCU),"Net foreign assets are the sum of foreign assets held by monetary authorities and deposit money banks, less their foreign liabilities. Data are in current local currency.","International Monetary Fund, International Financial Statistics and data files."
